task_i,learn_time,before_time,test_time,before_check_time,check_time,stop_value,before_step,learn_step_N,after_step,before_check_step,check_step,raw_loss_val,before_loss_val,learn_loss_val,after_loss_val,raw_check_loss_val,before_check_loss_val,check_loss_val,raw-plannerADE1,raw-plannerFDE1,raw-plannerADE2,raw-plannerFDE2,raw-plannerADE3,raw-plannerFDE3,before-plannerADE1,before-plannerFDE1,before-plannerADE2,before-plannerFDE2,before-plannerADE3,before-plannerFDE3,cross-plannerADE1,cross-plannerFDE1,cross-plannerADE2,cross-plannerFDE2,cross-plannerADE3,cross-plannerFDE3,after-plannerADE1,after-plannerFDE1,after-plannerADE2,after-plannerFDE2,after-plannerADE3,after-plannerFDE3,raw_check-plannerADE1,raw_check-plannerFDE1,raw_check-plannerADE2,raw_check-plannerFDE2,raw_check-plannerADE3,raw_check-plannerFDE3,before_check-plannerADE1,before_check-plannerFDE1,before_check-plannerADE2,before_check-plannerFDE2,before_check-plannerADE3,before_check-plannerFDE3,check-plannerADE1,check-plannerFDE1,check-plannerADE2,check-plannerFDE2,check-plannerADE3,check-plannerFDE3
0,13.893201112747192,13.383312940597534,4.328808069229126,"[13.078548669815063, 13.308014154434204, 13.32970118522644, 11.448371648788452, 8.006567001342773, 7.852880477905273, 7.904466152191162, 7.851855754852295, 8.049850225448608, 7.8298773765563965]","[3.1403093338012695, 7.895933151245117, 1.5751330852508545, 8.002730369567871, 7.913372993469238, 7.933446645736694, 8.090307474136353, 7.932832956314087, 7.921968698501587, 8.01802110671997]",0.0008283701026812196,20,31,11,"[20, 20, 20, 20, 20, 20, 20, 20, 20, 20]","[8, 20, 4, 20, 20, 20, 20, 20, 20, 20]",0.021272504702210426,0.0021807276643812656,0.0004483687225729227,0.0004418600001372397,"[0.007336065638810396, 0.008236146531999111, 0.008627133443951607, 0.00769173726439476, 0.010146192274987698, 0.0034565976820886135, 0.014279414899647236, 0.0031927491072565317, 0.00393043365329504, 0.006967797875404358]","[0.0033844267018139362, 0.0043775844387710094, 0.003641569521278143, 0.0037361294962465763, 0.0030671001877635717, 0.0055533163249492645, 0.0031152942683547735, 0.0035493874456733465, 0.00433303089812398, 0.0037074468564242125]","[0.0005071364575996995, 0.0019403175683692098, 0.00038003450026735663, 0.0016531550791114569, 0.0014433711767196655, 0.0031643633265048265, 0.0014755167067050934, 0.001626701676286757, 0.002126118866726756, 0.0017096655210480094]",0.024858253076672554,0.05034159868955612,0.1629544198513031,0.7057108283042908,1.520329475402832,8.374996185302734,0.12202105671167374,0.27847933769226074,0.5680921673774719,1.299026370048523,1.143241047859192,2.9271063804626465,0.09620174020528793,0.21965919435024261,0.49192920327186584,1.2743314504623413,1.258954405784607,3.89422869682312,0.09332916885614395,0.21206232905387878,0.4777339696884155,1.2551312446594238,1.2601323127746582,3.9670467376708984,0.024800349585711957,0.05019426420331001,0.15414246767759324,0.6684520959854126,1.4721670269966125,8.125821208953857,0.1123689629137516,0.2490691587328911,0.4655456364154816,1.104372650384903,1.1397477507591247,3.6066653728485107,0.1026382502168417,0.22895702272653579,0.4343719184398651,1.0461201608180999,1.0916528940200805,3.4340874671936037
1,19.624517917633057,8.011537313461304,1.5486621856689453,"[7.918623208999634, 7.897379398345947, 7.954820871353149, 7.97678279876709, 7.920536518096924, 7.8735387325286865, 7.895261764526367, 7.847776889801025, 8.164606809616089, 7.9798243045806885]","[2.326571226119995, 0.3861513137817383, 0.38798952102661133, 7.883496522903442, 0.40558385848999023, 7.998331785202026, 7.840954542160034, 0.39398908615112305, 0.3915903568267822, 8.080405950546265]",0.005074935499578714,20,44,4,"[20, 20, 20, 20, 20, 20, 20, 20, 20, 20]","[6, 1, 1, 20, 1, 20, 20, 1, 1, 20]",0.008180155418813229,0.054019466042518616,0.003984143957495689,0.00398546177893877,"[0.00629187747836113, 0.0027363335248082876, 0.005262403283268213, 0.006599279120564461, 0.004132024943828583, 0.006798640824854374, 0.006295422557741404, 0.0036578045692294836, 0.004816404543817043, 0.004335225094109774]","[0.05761730670928955, 0.045039594173431396, 0.0649423822760582, 0.06740240752696991, 0.0534619465470314, 0.0725487545132637, 0.07268191128969193, 0.03971165418624878, 0.04996274411678314, 0.06683334708213806]","[0.004905564244836569, 0.0026409816928207874, 0.004464604426175356, 0.013701597228646278, 0.004316419363021851, 0.012036755681037903, 0.009290192276239395, 0.0032339897006750107, 0.0037849724758416414, 0.017209196463227272]",0.0562097504734993,0.11713604629039764,0.2018825113773346,0.6510128378868103,1.3665733337402344,7.227038383483887,0.40404465794563293,0.842573344707489,0.988318920135498,1.5172994136810303,1.6453676223754883,4.549084663391113,0.19644677639007568,0.4180893898010254,0.5172337293624878,0.9220582842826843,1.3486804962158203,5.2461981773376465,0.1959351897239685,0.41719865798950195,0.5168100595474243,0.9208682775497437,1.3488962650299072,5.249838829040527,0.05620690286159515,0.11721777021884919,0.21052706390619277,0.6903498411178589,1.5197279453277588,8.19664740562439,0.4036228597164154,0.8422989547252655,1.0018007159233093,1.5930487394332886,1.6873504161834716,4.97089467048645,0.21042205914855003,0.44212467670440675,0.5163936406373978,0.9423581600189209,1.450060486793518,5.87613468170166
2,222.67492842674255,7.914031267166138,8.002891302108765,"[8.024702548980713, 7.976997375488281, 7.930795431137085, 7.98963475227356, 7.896236181259155, 7.8988354206085205, 7.968266010284424, 8.147435426712036, 8.105148792266846, 8.341163873672485]","[7.8794286251068115, 7.939336061477661, 0.40107131004333496, 8.154646396636963, 0.39795899391174316, 7.9494757652282715, 7.941822528839111, 7.8426594734191895, 7.7682600021362305, 7.793402194976807]",0.004074567928910255,20,500,20,"[20, 20, 20, 20, 20, 20, 20, 20, 20, 20]","[20, 20, 1, 20, 1, 20, 20, 20, 20, 20]",0.005418458953499794,0.008269242011010647,0.007207770831882954,0.007231913041323423,"[0.0016730751376599073, 0.0019288095645606518, 0.0016742963343858719, 0.0016168305883184075, 0.0017065671272575855, 0.002612564479932189, 0.003034992842003703, 0.0013719298876821995, 0.004720750730484724, 0.0016523259691894054]","[0.007433261256664991, 0.008538603782653809, 0.007623963989317417, 0.007361358497291803, 0.007183069363236427, 0.007907029241323471, 0.007118019741028547, 0.008160889148712158, 0.007161582354456186, 0.008343206718564034]","[0.006401431746780872, 0.007695490960031748, 0.0014467217260971665, 0.005941278766840696, 0.0013748506316915154, 0.007193161174654961, 0.006190998945385218, 0.00717534776777029, 0.005940982606261969, 0.007726646028459072]",0.0814727172255516,0.1690496802330017,0.2982553243637085,0.8654696941375732,1.7529743909835815,9.167131423950195,0.2972109317779541,0.6314811110496521,1.0015416145324707,2.1738033294677734,2.046349287033081,5.188696384429932,0.28687405586242676,0.6027612090110779,0.8905643820762634,1.8271422386169434,1.7360649108886719,4.412320137023926,0.2862975299358368,0.601336658000946,0.8871321082115173,1.8190497159957886,1.7331726551055908,4.421215534210205,0.0814248874783516,0.16893410831689834,0.2815075099468231,0.7760858476161957,1.6021472573280335,8.36462197303772,0.30296297967433927,0.6416352331638336,0.916320937871933,1.8204025626182556,1.7042231202125548,4.096725988388061,0.2574927404522896,0.539452911913395,0.7186821639537812,1.379197645187378,1.451724123954773,4.160118627548218
3,25.54743456840515,7.778574228286743,6.257725238800049,"[7.726158618927002, 8.106549978256226, 1.1612744331359863, 7.719921588897705, 7.742155075073242, 7.773244380950928, 1.993098258972168, 1.6058974266052246, 7.972641944885254, 1.1829915046691895]","[3.5031063556671143, 1.560417652130127, 1.1708028316497803, 1.960472583770752, 1.9638831615447998, 6.288974285125732, 1.1854522228240967, 1.5686912536621094, 4.379637241363525, 0.7804281711578369]",0.0005736091989092529,20,58,16,"[20, 20, 3, 20, 20, 20, 5, 4, 20, 3]","[9, 4, 3, 5, 5, 16, 3, 4, 11, 2]",0.004539264366030693,0.0017943913117051125,0.00044812081614509225,0.0004412645357660949,"[0.0023165568709373474, 0.004216836765408516, 0.0021293675526976585, 0.002721575088799, 0.001490138005465269, 0.003324564080685377, 0.000850098964292556, 0.002943150233477354, 0.002593210432678461, 0.0012197098694741726]","[0.0008796383626759052, 0.0006755193462595344, 0.00039434494101442397, 0.0009184594382531941, 0.0012413368094712496, 0.0007564979023300111, 0.0004046889371238649, 0.00043000519508495927, 0.0012374087236821651, 0.0004441564960870892]","[0.0004106162232346833, 0.000392520654713735, 0.0003412350488360971, 0.0003618866903707385, 0.0004377362201921642, 0.0004076496115885675, 0.000365123909432441, 0.00039657900924794376, 0.00044289478682912886, 0.0003567826352082193]",0.024136336520314217,0.05118254944682121,0.14477473497390747,0.6338837146759033,1.4359053373336792,7.970669746398926,0.14103363454341888,0.3138844668865204,0.5616376996040344,1.2629824876785278,1.186313509941101,3.3106849193573,0.12183299660682678,0.27299964427948,0.5107623338699341,1.1938753128051758,1.1592602729797363,3.2630536556243896,0.11969918012619019,0.2680017650127411,0.5024369955062866,1.1761929988861084,1.153089165687561,3.3214759826660156,0.024347104877233506,0.0517302144318819,0.14664642363786698,0.6323335826396942,1.3989875674247743,7.7246620655059814,0.10907878503203391,0.2449775218963623,0.4460370123386383,1.0245915055274963,1.1004523158073425,3.6629151344299316,0.07607322260737419,0.17019661292433738,0.3220785051584244,0.8233697891235352,1.0576455056667329,4.158746933937072
4,9.254746437072754,8.074343919754028,0.3961958885192871,"[7.876600027084351, 7.935898780822754, 7.828592777252197, 7.813192129135132, 7.801628589630127, 7.807508230209351, 7.83992600440979, 7.817380666732788, 7.819695711135864, 7.894577980041504]","[0.3966238498687744, 0.4154014587402344, 0.45502233505249023, 0.4079599380493164, 0.4037959575653076, 0.39115333557128906, 0.39447951316833496, 0.3946518898010254, 0.39130640029907227, 0.3944249153137207]",0.00859307311475277,20,21,1,"[20, 20, 20, 20, 20, 20, 20, 20, 20, 20]","[1, 1, 1, 1, 1, 1, 1, 1, 1, 1]",0.01108512468636036,0.19045889377593994,0.008217981085181236,0.008217981085181236,"[0.0036877933889627457, 0.003901822492480278, 0.003934354521334171, 0.0015944489277899265, 0.0011677119182422757, 0.002480677794665098, 0.004452856723219156, 0.0022295983508229256, 0.006213023792952299, 0.006677369587123394]","[0.23884738981723785, 0.2586892247200012, 0.2562882602214813, 0.22882288694381714, 0.19337451457977295, 0.2369309961795807, 0.21779164671897888, 0.23703201115131378, 0.3155786395072937, 0.22725053131580353]","[0.00532048474997282, 0.0039339009672403336, 0.0019742813892662525, 0.009798993356525898, 0.0048844642005860806, 0.00502284849062562, 0.003648540936410427, 0.0036866352893412113, 0.007070152088999748, 0.006971424911171198]",0.07049758732318878,0.1463012397289276,0.26088136434555054,0.8093664050102234,1.709254503250122,9.095497131347656,0.8815041780471802,1.7754970788955688,1.57545006275177,2.244932174682617,2.5655505657196045,6.974017143249512,0.12823422253131866,0.2587299942970276,0.378307968378067,0.9493356347084045,1.6636558771133423,8.263745307922363,0.12823422253131866,0.2587299942970276,0.378307968378067,0.9493356347084045,1.6636558771133423,8.263745307922363,0.07083536311984062,0.14754284024238587,0.2520611330866814,0.7334864616394043,1.5201980471611023,7.999297761917115,0.9514131247997284,1.8889358401298524,1.5145427584648132,2.0276305079460144,2.1371594429016114,4.717206287384033,0.13695526868104935,0.2752760171890259,0.37282648384571077,0.8846759021282196,1.441277766227722,6.852654123306275
5,10.56559443473816,7.85513710975647,1.5931358337402344,"[7.881507158279419, 7.8608903884887695, 7.825108289718628, 7.997442007064819, 8.05729079246521, 7.818908452987671, 7.843913316726685, 0.4348104000091553, 0.4296407699584961, 7.954257011413574]","[7.970922231674194, 1.2088730335235596, 7.883869886398315, 7.858001470565796, 7.801306962966919, 7.950383424758911, 7.915948867797852, 0.39174962043762207, 0.3933837413787842, 7.9211156368255615]",0.0016870973631739616,20,24,4,"[20, 20, 20, 20, 20, 20, 20, 1, 1, 20]","[20, 3, 20, 20, 20, 20, 20, 1, 1, 20]",0.004495653323829174,0.00413239561021328,0.0008888989686965942,0.0008654094999656081,"[0.001370173180475831, 0.0013793950201943517, 0.002264847280457616, 0.0022580157965421677, 0.0014800922945141792, 0.002215123036876321, 0.0030238379258662462, 0.0007694202940911055, 0.001421877765096724, 0.0024803155101835728]","[0.004635280929505825, 0.0036779670044779778, 0.004152072127908468, 0.003455179976299405, 0.004079555626958609, 0.005602872930467129, 0.0031933968421071768, 0.0005795449251309037, 0.00029734347481280565, 0.0036795195192098618]","[0.0032099520321935415, 0.001018601469695568, 0.003987509291619062, 0.0029404140077531338, 0.003102656453847885, 0.00532819889485836, 0.0021472875960171223, 0.0004113514441996813, 0.00041124154813587666, 0.002199824433773756]",0.06406018137931824,0.14052735269069672,0.23212209343910217,0.733707070350647,1.6314314603805542,8.756269454956055,0.3438708782196045,0.7634024024009705,1.1397571563720703,2.168686628341675,2.063476324081421,5.052351951599121,0.1886453777551651,0.4073309898376465,0.6459966897964478,1.4066394567489624,1.6070901155471802,5.660411357879639,0.18861298263072968,0.40727686882019043,0.6444845795631409,1.402336597442627,1.605779767036438,5.667834281921387,0.06393852978944778,0.1398160770535469,0.21524164825677872,0.6569694817066193,1.4591984033584595,7.822772073745727,0.3045170918107033,0.6790624633431435,1.0020709574222564,1.8287195980548858,1.7431580781936646,4.453036451339722,0.2625907644629478,0.5849475800991059,0.8954689413309097,1.7056775629520415,1.6521322131156921,4.546991968154908
6,14.005544662475586,7.7944512367248535,3.928358793258667,"[2.3758316040039062, 7.894101619720459, 0.806056022644043, 7.894270658493042, 2.352259397506714, 1.9559905529022217, 7.781766891479492, 4.670325994491577, 2.3387863636016846, 1.9441845417022705]","[1.9446847438812256, 2.3220572471618652, 0.7771780490875244, 5.482891321182251, 1.9539945125579834, 1.9663598537445068, 3.163780927658081, 3.2402868270874023, 2.0063672065734863, 1.6175522804260254]",0.000379429868189618,20,32,10,"[6, 20, 2, 20, 6, 5, 20, 12, 6, 5]","[5, 6, 2, 14, 5, 5, 8, 8, 5, 4]",0.010134276002645493,0.0004716493422165513,0.00029978863312862813,0.0002992501249536872,"[0.001169566996395588, 0.0037793247029185295, 0.000732643820811063, 0.001508631044998765, 0.0019673374481499195, 0.00115104706492275, 0.0008013486512936652, 0.0007646451704204082, 0.0013811083044856787, 0.0006115244468674064]","[0.0002789465943351388, 0.00043268909212201834, 0.0002497459063306451, 0.0004643840657081455, 0.0002893710625357926, 0.00024279733770526946, 0.0003701052046380937, 0.00028664543060585856, 0.0002535888343118131, 0.00021209815167821944]","[0.0002268305979669094, 0.00027867144672200084, 0.00024513245443813503, 0.00029498664662241936, 0.00029830081621184945, 0.00022904803336132318, 0.00029997312230989337, 0.0002979037235490978, 0.0002814388426486403, 0.00024058495182543993]",0.04031028226017952,0.08526979386806488,0.20265918970108032,0.7595213651657104,1.6345947980880737,8.90555191040039,0.1631758213043213,0.36072811484336853,0.6025355458259583,1.326171636581421,1.2810604572296143,3.3205642700195312,0.14725694060325623,0.32560470700263977,0.5417739152908325,1.2015142440795898,1.2256896495819092,3.49428653717041,0.14072737097740173,0.31084367632865906,0.5173695087432861,1.1546391248703003,1.2175014019012451,3.654287338256836,0.040278999134898186,0.08494116142392158,0.19428909718990325,0.7170380532741547,1.510959553718567,8.14835066795349,0.12525881752371787,0.27406342774629594,0.4530210345983505,1.0134928047657012,1.1541048109531402,3.875348687171936,0.11261883974075318,0.24660585522651673,0.4143517345190048,0.9419950127601624,1.1244248032569886,4.036450123786926
7,221.84651827812195,7.918790102005005,8.119311809539795,"[7.956546783447266, 7.798834562301636, 7.774311065673828, 7.84204626083374, 7.806368827819824, 7.909682989120483, 7.9098217487335205, 7.834059953689575, 7.833940267562866, 7.851275444030762]","[8.125173330307007, 8.30651569366455, 8.14708662033081, 0.3950939178466797, 8.38932991027832, 8.521830558776855, 8.079282283782959, 8.236876010894775, 8.3999183177948, 8.787637710571289]",0.006529561243951321,20,500,20,"[20, 20, 20, 20, 20, 20, 20, 20, 20, 20]","[20, 20, 20, 1, 20, 20, 20, 20, 20, 20]",0.006468814332038164,0.01639172062277794,0.02162872813642025,0.021752582862973213,"[0.003297823714092374, 0.003741807071492076, 0.002692398615181446, 0.0009148104581981897, 0.0018653178121894598, 0.0020827522967010736, 0.005311466753482819, 0.005143911112099886, 0.00468176044523716, 0.0032564878929406404]","[0.017085887491703033, 0.013292803429067135, 0.022591641172766685, 0.014819076284766197, 0.018568972125649452, 0.019981928169727325, 0.017352258786559105, 0.01793259009718895, 0.0136161083355546, 0.02500906214118004]","[0.021044235676527023, 0.025487713515758514, 0.024220310151576996, 0.0015040677972137928, 0.020945869386196136, 0.02726098522543907, 0.020620297640562057, 0.021624069660902023, 0.01703741028904915, 0.0319356732070446]",0.056988511234521866,0.12291564047336578,0.2359350323677063,0.7775134444236755,1.672690749168396,8.934595108032227,0.35393083095550537,0.773306131362915,1.1243242025375366,2.1169650554656982,1.8921488523483276,4.003876686096191,0.3358411192893982,0.7031235694885254,0.8046382069587708,1.31695556640625,1.7367432117462158,5.965930938720703,0.336476594209671,0.703991174697876,0.7995312213897705,1.2959059476852417,1.7318134307861328,5.9989166259765625,0.056776462122797966,0.12218493893742562,0.21889877021312715,0.6950339019298554,1.4820582509040832,7.934135770797729,0.34884658753871917,0.7531278133392334,1.0092758357524871,1.7169832229614257,1.6126234531402588,3.569578242301941,0.30621331706643107,0.6448086768388748,0.7398514479398728,1.137758231163025,1.5428938269615173,5.355905342102051
8,222.15143871307373,8.36724591255188,8.1818528175354,"[8.130558013916016, 1.9609005451202393, 7.912771701812744, 7.954800844192505, 8.12975788116455, 7.934403419494629, 7.904461860656738, 7.9803783893585205, 7.983488082885742, 1.1903321743011475]","[8.371041774749756, 8.497202634811401, 8.412140130996704, 1.6329514980316162, 7.909036159515381, 7.9788994789123535, 7.877122163772583, 8.037864923477173, 7.8791184425354, 2.360102415084839]",0.0003720665699802339,20,500,20,"[20, 5, 20, 20, 20, 20, 20, 20, 20, 3]","[20, 20, 20, 4, 20, 20, 20, 20, 20, 6]",0.006865601986646652,0.0006742144469171762,0.0008546288590878248,0.0008556083776056767,"[0.0036506359465420246, 0.0016514889430254698, 0.0023079263046383858, 0.00205429270863533, 0.00421068724244833, 0.00232497020624578, 0.0034709421452134848, 0.0019523814553394914, 0.0045776073820889, 0.0026154033839702606]","[0.0010467409156262875, 0.00027416643570177257, 0.00340794725343585, 0.0015711067244410515, 0.0015937993302941322, 0.0018277635099366307, 0.0017568017356097698, 0.002660746220499277, 0.0010571680031716824, 0.00022606235870625824]","[0.0011790139833465219, 0.0005765486275777221, 0.000613067764788866, 0.00020570277411025017, 0.0006052192766219378, 0.0008986410684883595, 0.00045239762403070927, 0.0012624599039554596, 0.0007301525911316276, 0.0002951438364107162]",0.028270302340388298,0.059663236141204834,0.15947595238685608,0.657747745513916,1.445861577987671,7.944180965423584,0.1822632998228073,0.40113794803619385,0.6239511370658875,1.270720362663269,1.2087547779083252,3.0648791790008545,0.14118994772434235,0.2974945902824402,0.3561081886291504,0.7221319079399109,1.1483205556869507,4.516916275024414,0.1402672529220581,0.29579922556877136,0.3542563021183014,0.7147442698478699,1.1476564407348633,4.539546489715576,0.02814098745584488,0.05895562283694744,0.15731405168771745,0.6535390079021454,1.4397793889045716,7.919264316558838,0.163055919110775,0.35809985995292665,0.5729567557573318,1.2041938304901123,1.220937466621399,3.462095522880554,0.13312731608748435,0.28180699795484543,0.3421211302280426,0.7001851618289947,1.140568870306015,4.54191746711731
9,22.695157289505005,7.916254997253418,4.298110723495483,"[8.039441108703613, 0.39522838592529297, 7.9938061237335205, 0.38829874992370605, 7.791247129440308, 7.789353132247925, 7.879875659942627, 7.783509016036987, 0.38740086555480957, 7.811296224594116]","[0.7739865779876709, 0.38480663299560547, 1.5480639934539795, 0.38661623001098633, 1.1583549976348877, 0.7717599868774414, 1.1595685482025146, 0.7736353874206543, 0.4243612289428711, 0.8253822326660156]",0.0014077976811677217,20,52,11,"[20, 1, 20, 1, 20, 20, 20, 20, 1, 20]","[2, 1, 4, 1, 3, 2, 3, 2, 1, 2]",0.0030497515108436346,0.004154312890022993,0.000880539242643863,0.0009042579331435263,"[0.0019395913695916533, 0.0006057381397113204, 0.0007218494429253042, 0.0002995294635184109, 0.0017488915473222733, 0.0012708203867077827, 0.0025589466094970703, 0.001312376232817769, 0.0007283464656211436, 0.0014550710329785943]","[0.003597912611439824, 0.0008024029666557908, 0.002912229159846902, 0.000497550587169826, 0.003758314298465848, 0.003551880829036236, 0.002747059566900134, 0.00337721174582839, 0.0006054361001588404, 0.003288607345893979]","[0.0007930377032607794, 0.0004591659817378968, 0.0009088218794204295, 0.0002447687438689172, 0.0009080650052055717, 0.0007857844466343522, 0.000758407055400312, 0.0006497501162812114, 0.0005327957915142179, 0.0007232926436699927]",0.0379849448800087,0.08237612247467041,0.1769123524427414,0.6652456521987915,1.4447379112243652,7.902996063232422,0.13738135993480682,0.30739259719848633,0.5294774174690247,1.1476942300796509,1.2851921319961548,4.238370418548584,0.11950147151947021,0.26776301860809326,0.4699037969112396,1.054161548614502,1.1519496440887451,3.6822147369384766,0.11669687181711197,0.2614935636520386,0.45894235372543335,1.0351024866104126,1.1465656757354736,3.7327802181243896,0.037923165038228034,0.08199701458215714,0.17326353043317794,0.6743721842765809,1.4863725066184998,8.13649754524231,0.1172178253531456,0.2659669294953346,0.4749193489551544,1.0674700915813446,1.292971384525299,4.709328770637512,0.0581656664609909,0.12867383137345315,0.2488536551594734,0.7276328146457672,1.240915262699127,5.986037540435791
10,10.508740901947021,7.755342960357666,1.948943853378296,"[7.739547967910767, 8.245437145233154, 8.215308666229248, 7.782656192779541, 7.782219886779785, 7.819427490234375, 7.911476373672485, 7.8389365673065186, 7.772825479507446, 7.750339984893799]","[7.88096022605896, 0.39296913146972656, 1.9549577236175537, 1.9807727336883545, 0.3900928497314453, 1.1635668277740479, 0.7722852230072021, 0.39153409004211426, 1.1680777072906494, 0.38584208488464355]",0.002209783298894763,20,24,5,"[20, 20, 20, 20, 20, 20, 20, 20, 20, 20]","[20, 1, 5, 5, 1, 3, 2, 1, 3, 1]",0.007895547896623611,0.029183445498347282,0.002621304476633668,0.0013728381600230932,"[0.005819561891257763, 0.0023436634801328182, 0.004521593451499939, 0.00479159876704216, 0.0035667328629642725, 0.00541179534047842, 0.0019823750481009483, 0.0017188969068229198, 0.00296912994235754, 0.000990373780950904]","[0.012576170265674591, 0.009773517958819866, 0.007595219649374485, 0.014096750877797604, 0.010757183656096458, 0.016246255487203598, 0.01141335815191269, 0.010459625162184238, 0.01983795315027237, 0.03468189015984535]","[0.0028577405028045177, 0.0015570695977658033, 0.00247728219255805, 0.0024285775143653154, 0.0024753815960139036, 0.0024448721669614315, 0.00248060398735106, 0.0016594163607805967, 0.0022981963120400906, 0.0012907915515825152]",0.05461510270833969,0.12447204440832138,0.2194599211215973,0.7274245023727417,1.5199776887893677,8.06042194366455,0.2733091711997986,0.5806312561035156,0.7534305453300476,1.3695106506347656,1.4311600923538208,4.4513773918151855,0.13395333290100098,0.2903505563735962,0.3861784338951111,0.8055302500724792,1.2077844142913818,5.098010063171387,0.1527586132287979,0.32950612902641296,0.4290943741798401,0.859782338142395,1.2136991024017334,4.8540496826171875,0.05472072996199131,0.12473351433873177,0.20928729325532913,0.6738940954208374,1.4554576873779297,7.79095344543457,0.2742468863725662,0.5874940037727356,0.7808112740516663,1.4174771666526795,1.4517467141151428,4.319183945655823,0.11396972015500069,0.24927377551794053,0.3540256261825562,0.7983899295330048,1.2690513491630555,5.698075151443481
11,9.153423309326172,7.861992597579956,0.38921475410461426,"[7.8511598110198975, 7.839334487915039, 7.8418660163879395, 7.880319356918335, 7.9909961223602295, 7.77694034576416, 7.843193769454956, 7.914449214935303, 7.8354668617248535, 7.769899845123291]","[0.3912644386291504, 0.3929331302642822, 0.3875126838684082, 0.3912837505340576, 0.38759469985961914, 0.38652920722961426, 0.38797664642333984, 0.3885664939880371, 0.3897097110748291, 0.38773584365844727]",0.006982235237956047,20,21,1,"[20, 20, 20, 20, 20, 20, 20, 20, 20, 20]","[1, 1, 1, 1, 1, 1, 1, 1, 1, 1]",0.007519932463765144,0.34883272647857666,0.006410383619368076,0.006410383619368076,"[0.003518279641866684, 0.0047924635000526905, 0.005689339246600866, 0.0032811174169182777, 0.003170783631503582, 0.006813504733145237, 0.004204016178846359, 0.006611563265323639, 0.001693044789135456, 0.005522097926586866]","[0.3283024728298187, 0.3367784321308136, 0.30621999502182007, 0.3025665581226349, 0.32700762152671814, 0.34796565771102905, 0.3317761719226837, 0.3581925630569458, 0.272405207157135, 0.31125691533088684]","[0.004825794603675604, 0.003267246764153242, 0.005871441215276718, 0.002081443089991808, 0.004025861155241728, 0.005484823137521744, 0.004467983264476061, 0.004421785473823547, 0.002969408640637994, 0.004038150422275066]",0.05736996978521347,0.12203902006149292,0.23969173431396484,0.7503193020820618,1.4966421127319336,7.904837131500244,0.9233952760696411,1.8806408643722534,1.7017444372177124,2.3140032291412354,2.4516048431396484,5.195596694946289,0.1410449892282486,0.2926253378391266,0.40151074528694153,0.88278728723526,1.4763779640197754,6.898708820343018,0.1410449892282486,0.2926253378391266,0.40151074528694153,0.88278728723526,1.4763779640197754,6.898708820343018,0.05745871029794216,0.12216081619262695,0.2304884523153305,0.6878660976886749,1.434145987033844,7.606993675231934,0.9482398748397827,1.920145857334137,1.675184690952301,2.3204499959945677,2.4184295654296877,5.322182130813599,0.1483316406607628,0.30172506868839266,0.3847662419080734,0.8764244139194488,1.4341302752494811,6.64428677558899
12,11.540066480636597,7.819775104522705,2.3715174198150635,"[0.4105682373046875, 0.40886545181274414, 0.4290022850036621, 7.855180501937866, 0.39250898361206055, 0.39373111724853516, 0.395127534866333, 0.7886240482330322, 7.863434791564941, 0.3926212787628174]","[0.3906407356262207, 0.3929588794708252, 0.39179515838623047, 0.7839033603668213, 0.39667272567749023, 0.39496517181396484, 0.3919963836669922, 1.180835247039795, 7.83544921875, 0.38758277893066406]",0.0021193281281739473,20,26,6,"[1, 1, 1, 20, 1, 1, 1, 2, 20, 1]","[1, 1, 1, 2, 1, 1, 1, 3, 20, 1]",0.004332107491791248,0.0077380407601594925,0.0012770514003932476,0.001255961717106402,"[0.0004594945057760924, 0.0003964948991779238, 0.00037518373574130237, 0.0025673091877251863, 0.0011239027371630073, 0.0014334945008158684, 0.0007430037367157638, 0.0017406162805855274, 0.001828109030611813, 0.00041334296111017466]","[0.00029082869878038764, 0.00048175445408560336, 0.0010026809759438038, 0.008958338759839535, 0.0008378248894587159, 0.00042545064934529364, 0.0008331974968314171, 0.0011837426573038101, 0.009879544377326965, 0.000640062615275383]","[0.00033279811032116413, 0.0003332622873131186, 0.0006815940141677856, 0.0011900430545210838, 0.0006263796240091324, 0.0006216583424247801, 0.0005102102877572179, 0.0009587106760591269, 0.0026987134478986263, 0.00044280110159888864]",0.06773287802934647,0.1368829309940338,0.23416857421398163,0.7243151664733887,1.4491876363754272,7.55267333984375,0.3222762644290924,0.6769720911979675,0.8440986275672913,1.4192765951156616,1.4353371858596802,3.76519775390625,0.19232480227947235,0.39776611328125,0.4915952682495117,0.8798511028289795,1.1888035535812378,4.422824382781982,0.19300319254398346,0.3989759683609009,0.49200308322906494,0.8787557482719421,1.1887632608413696,4.417725563049316,0.06789601519703865,0.13708041459321976,0.24127102494239808,0.7578367531299591,1.5634170770645142,8.269248008728027,0.13181716650724412,0.27432631254196166,0.3954558402299881,0.9141965329647064,1.4043018817901611,6.282469987869263,0.11399097070097923,0.2365103393793106,0.3413244515657425,0.8213179886341095,1.3796594977378844,6.504537868499756
13,9.62228798866272,7.793760538101196,0.8088169097900391,"[7.794238567352295, 7.940770149230957, 0.38994789123535156, 0.3905210494995117, 0.39384937286376953, 0.38994526863098145, 0.3901386260986328, 7.830155849456787, 7.895296573638916, 0.40174317359924316]","[0.437406063079834, 0.406353235244751, 0.3951139450073242, 0.40503740310668945, 0.39487314224243164, 0.3882923126220703, 0.3881213665008545, 0.38895082473754883, 0.39553070068359375, 0.3907182216644287]",0.002061467384919524,20,22,2,"[20, 20, 1, 1, 1, 1, 1, 20, 20, 1]","[1, 1, 1, 1, 1, 1, 1, 1, 1, 1]",0.005591299384832382,0.021246612071990967,0.0019595769699662924,0.00196775421500206,"[0.0013182895490899682, 0.0024047656916081905, 0.0009837683755904436, 0.0008323853835463524, 0.0017523420974612236, 0.0006361894775182009, 0.0006458559073507786, 0.001161782187409699, 0.0009698616922833025, 0.0014260879252105951]","[0.023983852937817574, 0.022868670523166656, 0.00030105136102065444, 0.0002232703845947981, 0.0005906394217163324, 0.00045321809011511505, 0.00040715013165026903, 0.02636559121310711, 0.021321339532732964, 0.00044480228098109365]","[0.0013745550531893969, 0.0023547946475446224, 0.0003091661201324314, 0.00023338949540629983, 0.0006133685819804668, 0.000475540931802243, 0.0003979746834374964, 0.0020461534149944782, 0.0011754260631278157, 0.0004547435382846743]",0.07144615054130554,0.15435725450515747,0.25280827283859253,0.724860668182373,1.510726809501648,7.901956081390381,0.6257947683334351,1.334800124168396,1.537348747253418,2.220551013946533,2.085803270339966,3.929076671600342,0.27225261926651,0.5677005648612976,0.6580891013145447,1.0033535957336426,1.5035135746002197,5.919504165649414,0.2723957300186157,0.567956805229187,0.6582165956497192,1.0036062002182007,1.503589153289795,5.918832302093506,0.07129094451665878,0.15406093299388884,0.2458568334579468,0.6767977952957154,1.4710225343704224,7.7908330917358395,0.353185673058033,0.748224726319313,0.8696552753448487,1.3192607641220093,1.6077736377716065,5.182493185997009,0.1622450456023216,0.3378740012645721,0.42633210122585297,0.8098380088806152,1.4152799606323243,6.492191171646118
14,221.68220710754395,7.914816379547119,7.936429262161255,"[0.39008188247680664, 7.845276832580566, 7.82170295715332, 0.3895688056945801, 7.830374479293823, 7.846454858779907, 7.807031869888306, 7.848451852798462, 0.39223647117614746, 0.39728426933288574]","[0.3946201801300049, 7.960771560668945, 7.920176267623901, 0.3932929039001465, 0.3944835662841797, 0.3963298797607422, 0.3929314613342285, 7.96622109413147, 0.39673709869384766, 0.3920278549194336]",0.002534594852477312,20,500,20,"[1, 20, 20, 1, 20, 20, 20, 20, 1, 1]","[1, 20, 20, 1, 1, 1, 1, 20, 1, 1]",0.0025294246152043343,0.021153079345822334,0.005907074548304081,0.006075654178857803,"[0.0004819359164685011, 0.001218693796545267, 0.0021543470211327076, 0.0005140799912624061, 0.000907147245015949, 0.0007867527892813087, 0.0007569182780571282, 0.0025170433800667524, 0.0003011479857377708, 0.0004316667909733951]","[0.0010833651758730412, 0.014030235819518566, 0.021580686792731285, 0.0006820818525739014, 0.01921870931982994, 0.018137982115149498, 0.022325262427330017, 0.01572979986667633, 0.00034898199373856187, 0.0006324835703708231]","[0.000789897283539176, 0.00551581708714366, 0.005559414625167847, 0.0006026835180819035, 0.0016086980467662215, 0.0016109445132315159, 0.0010187991429120302, 0.005517045967280865, 0.00027863349532708526, 0.00047611119225621223]",0.07191042602062225,0.14703674614429474,0.23773936927318573,0.683941662311554,1.3899641036987305,7.2850775718688965,0.2754131257534027,0.5559815168380737,0.5666090846061707,0.8678824305534363,1.1992413997650146,4.1271209716796875,0.2819509506225586,0.5726975202560425,0.5619181990623474,0.8138009309768677,1.1879570484161377,4.475131034851074,0.2845514118671417,0.5783759355545044,0.5670029520988464,0.8191909790039062,1.1915667057037354,4.485880374908447,0.07198689952492714,0.14750682264566423,0.25019796192646027,0.72135089635849,1.499866545200348,7.926425886154175,0.20407781898975372,0.4134166777133942,0.4471529632806778,0.7488703489303589,1.2770913243293762,5.485536098480225,0.14530145972967148,0.29605149328708646,0.35129388272762296,0.684726893901825,1.2973501324653625,6.235529947280884
15,232.1102786064148,8.046860218048096,8.310817241668701,"[7.929450988769531, 7.893552541732788, 7.957971811294556, 7.98055624961853, 7.818582057952881, 7.915332794189453, 7.941083669662476, 7.8526389598846436, 7.941400051116943, 7.959468126296997]","[1.7318594455718994, 8.166645288467407, 0.3993046283721924, 0.4140808582305908, 0.41692447662353516, 0.412520170211792, 0.413820743560791, 0.41542720794677734, 8.311803817749023, 0.4192311763763428]",0.007931278087198734,20,500,20,"[20, 20, 20, 20, 20, 20, 20, 20, 20, 20]","[4, 20, 1, 1, 1, 1, 1, 1, 20, 1]",0.008597936481237411,0.030974747613072395,0.01791391707956791,0.023143064230680466,"[0.004174067638814449, 0.006276794709265232, 0.0023781261406838894, 0.0027530756779015064, 0.0019734168890863657, 0.0015455033862963319, 0.002979577984660864, 0.0023704604245722294, 0.003635827451944351, 0.0025136491749435663]","[0.032247576862573624, 0.024331163614988327, 0.03024783730506897, 0.021621370688080788, 0.014732887968420982, 0.02491047978401184, 0.018101263791322708, 0.029195372015237808, 0.03817619010806084, 0.038631197065114975]","[0.0037852583918720484, 0.028115399181842804, 0.0026841582730412483, 0.0029802238568663597, 0.002217310480773449, 0.0013119546929374337, 0.002843514084815979, 0.0017051480244845152, 0.017254820093512535, 0.0023810346610844135]",0.05892361328005791,0.12635816633701324,0.24402718245983124,0.7683205008506775,1.7039787769317627,9.227972984313965,0.4448619484901428,0.9083026647567749,0.8490419387817383,1.1009752750396729,1.8742094039916992,6.9096598625183105,0.4226820766925812,0.869606614112854,0.8363808989524841,1.1056101322174072,1.9024593830108643,6.982906341552734,0.43760478496551514,0.9020172357559204,0.8677261471748352,1.1786655187606812,1.9345821142196655,6.67848014831543,0.058575892448425294,0.12539518550038337,0.23743188232183457,0.7190013289451599,1.4681345701217652,7.736804056167602,0.4298816084861755,0.8842691361904145,0.818809860944748,1.0455672025680542,1.491467249393463,4.946228790283203,0.18862639665603637,0.3968375712633133,0.45341428816318513,0.7786490023136139,1.3837156176567078,6.189730787277222
16,10.6536865234375,8.690696716308594,1.5940258502960205,"[8.551483631134033, 7.971277952194214, 7.9786787033081055, 8.203982830047607, 9.459339141845703, 8.884665250778198, 8.469761848449707, 8.19838261604309, 8.137439012527466, 8.249404668807983]","[7.945930242538452, 8.005012273788452, 0.8208117485046387, 7.959946155548096, 7.838647842407227, 8.045697689056396, 8.092305183410645, 8.013408184051514, 0.7808837890625, 1.2125043869018555]",0.004803732503205538,20,24,4,"[20, 20, 20, 20, 20, 20, 20, 20, 20, 20]","[20, 20, 2, 20, 20, 20, 20, 20, 2, 3]",0.04592211917042732,0.018706677481532097,0.004227154888212681,0.004252983257174492,"[0.03783043473958969, 0.011824782006442547, 0.02377178706228733, 0.045174118131399155, 0.03812184929847717, 0.00806165486574173, 0.02096228487789631, 0.0370967835187912, 0.019551390781998634, 0.014310379512608051]","[0.02401271089911461, 0.013110356405377388, 0.011012054979801178, 0.017649415880441666, 0.030879966914653778, 0.029688382521271706, 0.07708578556776047, 0.013986384496092796, 0.01089446246623993, 0.002394377952441573]","[0.017881907522678375, 0.009530125185847282, 0.0037215088959783316, 0.01265039388090372, 0.02644650824368, 0.029978901147842407, 0.07445260137319565, 0.010035982355475426, 0.003474575001746416, 0.0038671859074383974]",0.07877993583679199,0.18130934238433838,0.28643691539764404,0.8232299089431763,1.8160494565963745,9.541077613830566,0.4068009555339813,0.8703627586364746,1.014182448387146,1.7277911901474,1.858870506286621,4.849188804626465,0.21910493075847626,0.4689108431339264,0.6567783355712891,1.4480746984481812,1.7619422674179077,5.965395927429199,0.22008231282234192,0.4706351161003113,0.6571232676506042,1.4469149112701416,1.7622997760772705,5.965633392333984,0.07826336547732353,0.1793190971016884,0.26959192007780075,0.7104448974132538,1.5110957860946654,7.886289834976196,0.39877413809299467,0.8476479649543762,1.0736501097679139,1.8273182034492492,1.7931700825691224,4.340322756767273,0.32327674329280853,0.6912690848112106,0.9047700196504593,1.6402846097946167,1.7250853061676026,4.866011619567871
17,9.694939136505127,8.189887046813965,0.38794636726379395,"[7.995581388473511, 8.38924241065979, 8.110722303390503, 8.550292253494263, 8.53722333908081, 8.215941905975342, 8.150394678115845, 0.39387011528015137, 7.920167922973633, 8.030240774154663]","[0.38745641708374023, 0.3887217044830322, 0.39002180099487305, 0.3906731605529785, 0.4035370349884033, 0.41492724418640137, 0.4314539432525635, 0.4145517349243164, 0.42519688606262207, 0.41867971420288086]",0.004403828643262386,20,21,1,"[20, 20, 20, 20, 20, 20, 20, 1, 20, 20]","[1, 1, 1, 1, 1, 1, 1, 1, 1, 1]",0.005888174753636122,0.2676714062690735,0.003934695851057768,0.003934695851057768,"[0.0014347010292112827, 0.00027034839149564505, 0.0014019433874636889, 0.0008027703734114766, 0.0013420835603028536, 0.00476450240239501, 0.003956986125558615, 0.005509629845619202, 0.0020428879652172327, 0.002800916088744998]","[0.24221275746822357, 0.2894739806652069, 0.2891436815261841, 0.25849324464797974, 0.33550381660461426, 0.30473998188972473, 0.29836833477020264, 0.001007531420327723, 0.3062117099761963, 0.194441556930542]","[0.003842127975076437, 0.0018031432991847396, 0.0016072867438197136, 0.0026263492181897163, 0.0014148850459605455, 0.0014176745899021626, 0.0014335422310978174, 0.0011627485509961843, 0.0028039654716849327, 0.0013443137286230922]",0.07599557191133499,0.16477356851100922,0.25489121675491333,0.7445041537284851,1.607238531112671,8.579791069030762,0.918569803237915,1.806754231452942,1.3202438354492188,1.7311879396438599,1.9638583660125732,5.544166088104248,0.11093679070472717,0.2274162918329239,0.3144564926624298,0.798319399356842,1.4460654258728027,7.417973518371582,0.11093679070472717,0.2274162918329239,0.3144564926624298,0.798319399356842,1.4460654258728027,7.417973518371582,0.07584926187992096,0.1636019304394722,0.24134996980428697,0.6996918380260467,1.4541929721832276,7.651279544830322,0.8558412440121174,1.6828497543931007,1.2012518435716628,1.501747912168503,1.8128796935081481,4.633538699150085,0.11542469933629036,0.23675965666770935,0.2919000595808029,0.7121554970741272,1.318390429019928,6.523468351364135
18,230.62347149848938,8.271683692932129,7.8243653774261475,"[8.124977588653564, 8.049652338027954, 7.880833387374878, 8.209350824356079, 7.831888437271118, 7.910447359085083, 9.09558629989624, 8.26897644996643, 8.125709533691406, 8.244503736495972]","[7.808656454086304, 7.936637878417969, 8.155726909637451, 7.960808038711548, 7.847517728805542, 0.3896145820617676, 7.948875904083252, 7.8842620849609375, 8.133346796035767, 8.12504243850708]",0.008007891476154327,20,500,20,"[20, 20, 20, 20, 20, 20, 20, 20, 20, 20]","[20, 20, 20, 20, 20, 1, 20, 20, 20, 20]",0.009320522658526897,0.012224679812788963,0.010772398672997952,0.010766401886940002,"[0.006177414208650589, 0.004622689913958311, 0.0062113115563988686, 0.006086206529289484, 0.0035749387461692095, 0.0023913467302918434, 0.00740003539249301, 0.003315404523164034, 0.004210345447063446, 0.005785100627690554]","[0.01013272162526846, 0.014274216257035732, 0.01118300762027502, 0.011072355322539806, 0.010612918995320797, 0.012367069721221924, 0.022741839289665222, 0.013749439269304276, 0.02001124434173107, 0.019729722291231155]","[0.007382831536233425, 0.014037813991308212, 0.009141714312136173, 0.015113942325115204, 0.0055015916004776955, 0.002640505786985159, 0.015474939718842506, 0.012953944504261017, 0.016631033271551132, 0.014982093125581741]",0.059935200959444046,0.12639939785003662,0.23691754043102264,0.7268378138542175,1.5396431684494019,8.174129486083984,0.35430020093917847,0.7631785273551941,0.9900019764900208,1.6447553634643555,1.5579954385757446,3.386720657348633,0.3102074861526489,0.6635152101516724,0.9188639521598816,1.6903570890426636,1.5820103883743286,3.601714611053467,0.30813440680503845,0.6590891480445862,0.916698157787323,1.6923739910125732,1.5818475484848022,3.600660800933838,0.06022103168070316,0.12738461643457413,0.2433209091424942,0.7293956458568573,1.4961189031600952,7.879134464263916,0.35069447457790376,0.7557397663593293,0.9949618697166442,1.697737491130829,1.5974740028381347,3.458320069313049,0.288844183832407,0.6171867772936821,0.8576923847198487,1.626144289970398,1.5891229510307312,3.99496009349823
19,222.1697015762329,8.116631507873535,7.928223609924316,"[7.927484750747681, 0.42741966247558594, 7.938805341720581, 7.928086280822754, 0.3932199478149414, 7.839141607284546, 0.39079737663269043, 0.3911564350128174, 7.9038004875183105, 7.8501036167144775]","[7.9238059520721436, 0.3935871124267578, 0.39206790924072266, 7.873622894287109, 0.3931608200073242, 7.9100661277771, 0.3926527500152588, 7.909377336502075, 0.80523681640625, 8.022799253463745]",0.0013425543438643217,20,500,20,"[20, 1, 20, 20, 1, 20, 1, 1, 20, 20]","[20, 1, 1, 20, 1, 20, 1, 20, 2, 20]",0.003548175562173128,0.005654383450746536,0.003609555773437023,0.0035844154190272093,"[0.00167020782828331, 0.0013255306985229254, 0.001051153289154172, 0.002373467432335019, 0.0009816812817007303, 0.002330654300749302, 0.0013466295786201954, 0.001447072601877153, 0.0034980429336428642, 0.0015941968886181712]","[0.007649449165910482, 0.0008717510499991477, 0.003879409283399582, 0.004872837103903294, 0.0009062673198059201, 0.00400437880307436, 0.0008796885376796126, 0.0010325369657948613, 0.0026219398714601994, 0.004531890153884888]","[0.004021019674837589, 0.0009070662199519575, 0.0008726612431928515, 0.0038410567212849855, 0.0006877135601826012, 0.0034232703037559986, 0.0006913856486789882, 0.002842574380338192, 0.001005454920232296, 0.0036958307027816772]",0.04226832464337349,0.0933697447180748,0.19317726790905,0.6732975840568542,1.4736255407333374,8.042182922363281,0.21947498619556427,0.46924707293510437,0.6271179914474487,1.1314936876296997,1.1107810735702515,2.733051300048828,0.2264343947172165,0.48402899503707886,0.6370889544487,1.1086477041244507,1.0772721767425537,2.5101375579833984,0.22673891484737396,0.48447078466415405,0.6369358897209167,1.1099039316177368,1.0789141654968262,2.5176661014556885,0.041982386633753775,0.09241897016763687,0.1841334581375122,0.6520343482494354,1.4326431632041932,7.785581922531128,0.15741555839776994,0.33568765968084335,0.4899537920951843,1.0391923308372497,1.2404572367668152,4.283411455154419,0.14944504648447038,0.3195143073797226,0.45493096858263016,0.9442643642425537,1.1736280381679536,4.256401395797729
20,220.81406497955322,7.888467788696289,7.838193655014038,"[7.857458591461182, 0.7856767177581787, 7.88827109336853, 7.885980606079102, 7.973813056945801, 8.15723705291748, 8.02696967124939, 7.836551189422607, 7.835469961166382, 7.85655665397644]","[7.796889066696167, 0.7758121490478516, 7.782248258590698, 7.813483476638794, 7.924634695053101, 7.8995654582977295, 7.8777008056640625, 7.857360363006592, 8.009205341339111, 7.878295660018921]",0.0006969654932618141,20,500,20,"[20, 2, 20, 20, 20, 20, 20, 20, 20, 20]","[20, 2, 20, 20, 20, 20, 20, 20, 20, 20]",0.009926524013280869,0.0013323880266398191,0.0007062839576974511,0.0007607666775584221,"[0.004996812902390957, 0.002317527076229453, 0.004548287019133568, 0.0040985336527228355, 0.0012816342059522867, 0.004525898955762386, 0.0014104548608884215, 0.0014048439916223288, 0.0036307317204773426, 0.005330929532647133]","[0.001415496226400137, 0.00022248711320571601, 0.0011800958309322596, 0.0016665684524923563, 0.0012250011786818504, 0.00138275942299515, 0.0010591914178803563, 0.0013220978435128927, 0.0022292411886155605, 0.0017502270638942719]","[0.0009331200853921473, 0.0002077561803162098, 0.0008638733415864408, 0.0009225649409927428, 0.0008003858965821564, 0.0011789589188992977, 0.0008162852609530091, 0.0010487043764442205, 0.0011293456191197038, 0.0012609141413122416]",0.05187239497900009,0.11271518468856812,0.23821322619915009,0.8104491233825684,1.6216381788253784,8.593465805053711,0.2378314882516861,0.5135414004325867,0.8480955362319946,1.799262285232544,1.6187536716461182,4.330726146697998,0.2413104623556137,0.5242060422897339,0.8847002983093262,1.9121965169906616,1.713202714920044,4.562559127807617,0.24354250729084015,0.5281609892845154,0.884648323059082,1.9065170288085938,1.712070345878601,4.563241958618164,0.05205783396959305,0.11346896290779114,0.2294863685965538,0.7382927536964417,1.5192941308021546,8.063822031021118,0.21475175842642785,0.4677171289920807,0.7790495246648789,1.639506757259369,1.5749993681907655,4.450163888931274,0.2160622775554657,0.4736252993345261,0.8062865853309631,1.7290614366531372,1.6507682919502258,4.574042129516601
21,9.831636428833008,7.839406967163086,0.7881479263305664,"[7.856235504150391, 7.844647169113159, 7.910704851150513, 7.8675453662872314, 0.3978710174560547, 8.011909008026123, 0.3968024253845215, 0.789539098739624, 8.1569983959198, 0.793673038482666]","[0.3927321434020996, 0.39348816871643066, 0.7873094081878662, 0.40564990043640137, 0.39496397972106934, 0.39235615730285645, 0.39475011825561523, 0.39377713203430176, 0.39327263832092285, 0.3936326503753662]",0.003256140509620309,20,22,2,"[20, 20, 20, 20, 1, 20, 1, 2, 20, 2]","[1, 1, 2, 1, 1, 1, 1, 1, 1, 1]",0.01133321039378643,0.049570679664611816,0.0029707043431699276,0.002942475490272045,"[0.004229387268424034, 0.0034805992618203163, 0.007011902052909136, 0.004899981431663036, 0.002162520308047533, 0.006058785133063793, 0.0036689143162220716, 0.004058357328176498, 0.0021284339018166065, 0.007049842271953821]","[0.03360838443040848, 0.033576760441064835, 0.040107257664203644, 0.02843027003109455, 0.0009544749627821147, 0.029622577130794525, 0.0007734086830168962, 0.0010197905357927084, 0.04898475110530853, 0.0010202175471931696]","[0.002682384103536606, 0.003363288240507245, 0.0036417001392692327, 0.00332183507271111, 0.0008975574746727943, 0.002729537198320031, 0.0007279083947651088, 0.00156359001994133, 0.0032908988650888205, 0.002803826704621315]",0.06239467114210129,0.13369765877723694,0.22266997396945953,0.6768286228179932,1.498803973197937,8.059667587280273,0.5516229271888733,1.2007309198379517,1.6100313663482666,2.574751853942871,2.1526217460632324,3.94667911529541,0.24231109023094177,0.5198961496353149,0.7139113545417786,1.25003981590271,1.5910054445266724,6.23159122467041,0.24157090485095978,0.5185563564300537,0.7135409712791443,1.2505121231079102,1.590787649154663,6.23118257522583,0.06258068643510342,0.13451204150915147,0.22699549049139023,0.702981972694397,1.5154877305030823,8.094399976730347,0.41128710508346555,0.8900663942098618,1.1644674509763717,1.8569997906684876,1.8226916313171386,4.648007440567016,0.1581684872508049,0.33880498707294465,0.4673524111509323,0.8943306565284729,1.4757268309593201,6.6742637157440186
22,18.440189361572266,7.915295362472534,0.3936889171600342,"[7.812376976013184, 7.831897020339966, 7.809049606323242, 7.8626792430877686, 7.85499906539917, 7.849467754364014, 7.84050178527832, 7.961431264877319, 8.055406093597412, 7.902486324310303]","[0.3910648822784424, 0.3915274143218994, 0.39226365089416504, 0.392362117767334, 0.3898661136627197, 0.39209437370300293, 0.3949415683746338, 0.40807676315307617, 0.416034460067749, 0.40460848808288574]",0.008908091112971306,20,41,1,"[20, 20, 20, 20, 20, 20, 20, 20, 20, 20]","[1, 1, 1, 1, 1, 1, 1, 1, 1, 1]",0.010012962855398655,0.2883093059062958,0.00875806249678135,0.00875806249678135,"[0.0030464292503893375, 0.003932959865778685, 0.0025199169758707285, 0.002890950068831444, 0.0021408158354461193, 0.0030557322315871716, 0.006870469078421593, 0.002338568214327097, 0.0010157248470932245, 0.0038702122401446104]","[0.3563382029533386, 0.33632147312164307, 0.3473265469074249, 0.38585683703422546, 0.2897958755493164, 0.32280150055885315, 0.31602001190185547, 0.2858460247516632, 0.3363221287727356, 0.3286886215209961]","[0.0047338008880615234, 0.0034573040902614594, 0.0034951071720570326, 0.0026199701242148876, 0.0038644566666334867, 0.004161262884736061, 0.007400913164019585, 0.0034446606878191233, 0.003172684693709016, 0.005235569551587105]",0.0551830492913723,0.1253502368927002,0.2187429815530777,0.7074231505393982,1.6392685174942017,8.96745777130127,0.728883683681488,1.4840548038482666,1.4619684219360352,2.0351827144622803,2.3523600101470947,6.254426956176758,0.14303389191627502,0.2954922914505005,0.3804062604904175,0.8403867483139038,1.6506273746490479,8.094433784484863,0.14303389191627502,0.2954922914505005,0.3804062604904175,0.8403867483139038,1.6506273746490479,8.094433784484863,0.055371956527233125,0.12602960988879203,0.22304921150207518,0.695179545879364,1.5232808470726014,8.203042125701904,0.7553315579891204,1.533241093158722,1.4163400173187255,1.8268242120742797,2.126838278770447,5.344184160232544,0.14455788135528563,0.30004913210868833,0.3671133369207382,0.7639412999153137,1.482894730567932,7.172926139831543
23,22.765660047531128,7.947826147079468,3.999769926071167,"[8.011130332946777, 7.986649751663208, 8.059669733047485, 7.9415366649627686, 7.9076759815216064, 7.858952522277832, 7.899710655212402, 0.39323878288269043, 7.886987686157227, 7.835483551025391]","[7.87713623046875, 5.514146566390991, 7.9043989181518555, 7.886149168014526, 5.608723163604736, 0.4023103713989258, 8.104631900787354, 0.404771089553833, 3.9355857372283936, 7.8355183601379395]",0.001358849462121725,20,51,10,"[20, 20, 20, 20, 20, 20, 20, 1, 20, 20]","[20, 14, 20, 20, 14, 1, 20, 1, 10, 20]",0.004945608787238598,0.005028240382671356,0.001246760250069201,0.0012567060766741633,"[0.0037042165640741587, 0.003594266250729561, 0.0013654609210789204, 0.0037693192716687918, 0.0034546139650046825, 0.0013855639845132828, 0.00334666739217937, 0.0012396567035466433, 0.0025936001911759377, 0.0044995639473199844]","[0.005204232409596443, 0.003985957242548466, 0.0044823745265603065, 0.007983553223311901, 0.0032376088201999664, 0.004431864246726036, 0.008094417862594128, 0.0006224058452062309, 0.004374172538518906, 0.005226036533713341]","[0.0021283007226884365, 0.0012443831656128168, 0.0017014788463711739, 0.00600746925920248, 0.001244245795533061, 0.0012358396779745817, 0.004629374947398901, 0.0005024851998314261, 0.0012531651882454753, 0.0018232848960906267]",0.04781896993517876,0.11003606021404266,0.1904536336660385,0.5928338766098022,1.3689656257629395,7.426742076873779,0.2086872160434723,0.4663224220275879,0.7844871878623962,1.6312520503997803,1.6381794214248657,4.430145263671875,0.18272235989570618,0.41113123297691345,0.7363017201423645,1.6353400945663452,1.6180918216705322,4.428627967834473,0.17839069664478302,0.4008864164352417,0.7196033000946045,1.6079691648483276,1.6043620109558105,4.447046279907227,0.04789186120033264,0.11025632321834564,0.19956096410751342,0.6388156235218048,1.423266088962555,7.671287965774536,0.20454531088471412,0.45638418644666673,0.7598962485790253,1.5851938009262085,1.5633689880371093,4.244869136810303,0.18167386427521706,0.4088257238268852,0.7315338134765625,1.6182426154613494,1.5942421436309815,4.489280962944031
24,222.0062713623047,7.874732255935669,8.091425895690918,"[7.861564874649048, 7.7735700607299805, 7.765488624572754, 7.807373762130737, 7.843719720840454, 7.921664476394653, 7.978323459625244, 7.866539001464844, 7.864487409591675, 7.869816541671753]","[7.881937026977539, 7.8231213092803955, 7.92426323890686, 7.835269927978516, 7.862353801727295, 7.835617542266846, 7.884572505950928, 7.895604372024536, 7.986416816711426, 7.908915281295776]",0.0003405389725230634,20,500,20,"[20, 20, 20, 20, 20, 20, 20, 20, 20, 20]","[20, 20, 20, 20, 20, 20, 20, 20, 20, 20]",0.013493293896317482,0.0013155154883861542,0.00042253133142367005,0.000427745224442333,"[0.007433362305164337, 0.008996394462883472, 0.005713021848350763, 0.00807716604322195, 0.006981447339057922, 0.001898192334920168, 0.010569623671472073, 0.003361543407663703, 0.005141695495694876, 0.0032980283722281456]","[0.004548272583633661, 0.0027573357801884413, 0.004239733796566725, 0.0030789042357355356, 0.0014269619714468718, 0.0024854924995452166, 0.002471637912094593, 0.004722306039184332, 0.002607163041830063, 0.003439544700086117]","[0.0021150147076696157, 0.001320512848906219, 0.0021437068935483694, 0.0011882676044479012, 0.0007242902647703886, 0.0014459544327110052, 0.0023975393269211054, 0.0028595859184861183, 0.0015274678589776158, 0.0019891259726136923]",0.06314126402139664,0.13244062662124634,0.252206027507782,0.7962157726287842,1.5915839672088623,8.287193298339844,0.2364460825920105,0.515605092048645,0.8702767491340637,1.8541136980056763,1.6763962507247925,4.249921798706055,0.2456890195608139,0.5353626012802124,0.9231451153755188,2.011979341506958,1.8582425117492676,4.885661602020264,0.24692277610301971,0.5374449491500854,0.9234306812286377,2.0098021030426025,1.8568106889724731,4.878902435302734,0.0629957765340805,0.13178500533103943,0.238144713640213,0.7365221619606018,1.538531744480133,8.179319190979005,0.2233189046382904,0.4754443407058716,0.7122271478176116,1.394572901725769,1.323076355457306,3.418171525001526,0.22885686308145523,0.48747489750385287,0.7405998826026916,1.4748484134674071,1.4216435551643372,3.7839304208755493
25,221.16665124893188,7.955084562301636,8.045889139175415,"[7.890853643417358, 7.89600944519043, 7.924170970916748, 7.895606279373169, 7.831853628158569, 7.751431226730347, 7.830289602279663, 7.886706829071045, 7.949279308319092, 7.78156590461731]","[8.015107870101929, 8.055738925933838, 7.974233150482178, 7.942492485046387, 7.947700500488281, 7.873974800109863, 7.857329368591309, 8.033475399017334, 7.932944059371948, 8.085043668746948]",0.003664975520223379,20,500,20,"[20, 20, 20, 20, 20, 20, 20, 20, 20, 20]","[20, 20, 20, 20, 20, 20, 20, 20, 20, 20]",0.0026976296212524176,0.03842264786362648,0.03207248076796532,0.03194771334528923,"[0.0009647319093346596, 0.0007205518777482212, 0.002695258939638734, 0.001394964987412095, 0.0010143225081264973, 0.0010047098621726036, 0.0007427248638123274, 0.0019592498429119587, 0.0007490128627978265, 0.002441923599690199]","[0.03782191872596741, 0.038153018802404404, 0.040239956229925156, 0.03719763085246086, 0.03777695819735527, 0.03798903524875641, 0.038263969123363495, 0.039226431399583817, 0.041144683957099915, 0.03912578895688057]","[0.032206762582063675, 0.03226922079920769, 0.03331557288765907, 0.0317697748541832, 0.031764525920152664, 0.03176243230700493, 0.03249722719192505, 0.03291729465126991, 0.0342576839029789, 0.03323115408420563]",0.08294736593961716,0.17609281837940216,0.24366791546344757,0.6951685547828674,1.560133934020996,8.29006576538086,0.5221548080444336,1.0683022737503052,1.0991543531417847,1.7834477424621582,1.7741564512252808,3.912365198135376,0.514323353767395,1.0391756296157837,0.9849684238433838,1.5102565288543701,1.6550625562667847,4.160463333129883,0.5147135853767395,1.0397869348526,0.9850350022315979,1.5079381465911865,1.6454941034317017,4.1074018478393555,0.083278888463974,0.17709350287914277,0.25500505715608596,0.708373510837555,1.5211870312690734,7.985090970993042,0.5250204205513,1.075607693195343,1.1331888079643249,1.857019054889679,1.8235374331474303,3.9367841482162476,0.5187369525432587,1.0481331467628479,0.9652481257915497,1.411982536315918,1.6282281160354615,4.288250970840454
26,22.706745147705078,8.1231107711792,4.264202117919922,"[7.94952392578125, 7.922666549682617, 8.091742038726807, 7.994889497756958, 7.647817850112915, 7.740195274353027, 7.874607801437378, 7.993228912353516, 8.07447075843811, 7.85584568977356]","[0.38889646530151367, 7.762093782424927, 7.756012439727783, 0.39203500747680664, 0.38809967041015625, 0.38753795623779297, 0.8004751205444336, 1.166214942932129, 0.38817429542541504, 7.8877458572387695]",0.009403184987604618,20,51,11,"[20, 20, 20, 20, 20, 20, 20, 20, 20, 20]","[1, 20, 20, 1, 1, 1, 2, 3, 1, 20]",0.06511584669351578,0.03624511510133743,0.008954153396189213,0.008800203911960125,"[0.016794763505458832, 0.04255439713597298, 0.01612439751625061, 0.0077866362407803535, 0.004890080541372299, 0.006604096852242947, 0.01591002382338047, 0.008662079460918903, 0.010673405602574348, 0.03192485496401787]","[0.023726655170321465, 0.043290529400110245, 0.0632115826010704, 0.029387976974248886, 0.06811627000570297, 0.06484541296958923, 0.08736472576856613, 0.03290567547082901, 0.026762651279568672, 0.07701051980257034]","[0.007743161637336016, 0.017073463648557663, 0.06386520713567734, 0.007584663107991219, 0.0018861859571188688, 0.0045097749680280685, 0.008671498857438564, 0.006902103312313557, 0.008630962111055851, 0.028063738718628883]",0.058781180530786514,0.12483091652393341,0.2464527189731598,0.8195293545722961,1.677951455116272,8.857100486755371,0.31258293986320496,0.639436662197113,0.707247793674469,1.2111104726791382,1.834648609161377,8.267410278320312,0.22868148982524872,0.4595775604248047,0.5406354665756226,1.0759077072143555,1.7818284034729004,7.575512886047363,0.2281181663274765,0.45861420035362244,0.5396789908409119,1.0779170989990234,1.7817095518112183,7.544443607330322,0.0584062147885561,0.12418487593531609,0.24017518311738967,0.7529276371002197,1.5412948250770568,8.124937772750854,0.38531748950481415,0.7667162597179413,0.7776982545852661,1.2115883469581603,1.6405079245567322,6.239098691940308,0.17683402299880982,0.35067243576049806,0.3945755660533905,0.8224201023578643,1.4727939248085022,6.841849756240845
27,14.375439405441284,7.790105819702148,4.28576922416687,"[7.780410289764404, 0.7809622287750244, 7.804719924926758, 1.555079698562622, 0.38927364349365234, 7.795566558837891, 0.40026426315307617, 7.831271409988403, 0.38811659812927246, 8.101890563964844]","[1.5682125091552734, 0.39088988304138184, 2.7336342334747314, 1.9477875232696533, 0.3894994258880615, 1.7497892379760742, 0.40176868438720703, 1.9509103298187256, 0.390366792678833, 3.1239709854125977]",0.000802298600319773,20,32,11,"[20, 2, 20, 4, 1, 20, 1, 20, 1, 20]","[4, 1, 7, 5, 1, 4, 1, 5, 1, 8]",0.004223896190524101,0.0017972413916140795,0.0004423934151418507,0.0004479841736610979,"[0.002460638526827097, 0.0007399605819955468, 0.0011429116129875183, 0.001925941207446158, 0.0005972909275442362, 0.0018369461176916957, 0.00047433789586648345, 0.001947297714650631, 0.0004436238668859005, 0.0028090663254261017]","[0.0009312483016401529, 0.00036616381839849055, 0.001135079888626933, 0.0004153884365223348, 0.0003950463142246008, 0.00138474244158715, 0.0003112534759566188, 0.0010630142642185092, 0.00035476681659929454, 0.0012898973654955626]","[0.0003217928169760853, 0.0003488707880023867, 0.0004402913327794522, 0.0004370890965219587, 0.00038445921381935477, 0.00044672589865513146, 0.0003380926791578531, 0.00040079798782244325, 0.00040884234476834536, 0.00034447055077180266]",0.09806685149669647,0.1954738348722458,0.3432671129703522,0.9991573691368103,1.882555365562439,9.561744689941406,0.19107875227928162,0.4178405702114105,0.8323763012886047,1.988945484161377,1.8642600774765015,5.071473598480225,0.16815634071826935,0.36601901054382324,0.7150037288665771,1.7098493576049805,1.6716290712356567,4.798971652984619,0.1660328060388565,0.3603484630584717,0.7026232481002808,1.6843125820159912,1.661977767944336,4.837298393249512,0.09814329147338867,0.19535436928272248,0.31456089913845064,0.8552359879016876,1.6390145301818848,8.29562873840332,0.14848341196775436,0.3145958364009857,0.583287987112999,1.3728478491306304,1.522844636440277,5.198467826843261,0.12656603008508682,0.2634693369269371,0.4789383351802826,1.1548697829246521,1.4357238411903381,5.5051591157913204
28,9.235128164291382,7.931203842163086,0.39025163650512695,"[7.885571002960205, 7.823502779006958, 7.883553743362427, 7.930928707122803, 7.980051040649414, 7.927280902862549, 7.865920782089233, 7.980273485183716, 7.958986043930054, 7.900606155395508]","[0.3906371593475342, 0.3922111988067627, 0.39473986625671387, 0.3914153575897217, 0.39031028747558594, 0.39579033851623535, 0.39510512351989746, 0.39523935317993164, 0.3942887783050537, 0.39370250701904297]",0.0074798050336539745,20,21,1,"[20, 20, 20, 20, 20, 20, 20, 20, 20, 20]","[1, 1, 1, 1, 1, 1, 1, 1, 1, 1]",0.005581279285252094,0.44951438903808594,0.007119755260646343,0.007119755260646343,"[0.001133851008489728, 0.0017792052822187543, 0.0010661785490810871, 0.0017592944204807281, 0.002743001561611891, 0.002826326061040163, 0.0009989887475967407, 0.0034523962531238794, 0.003708000760525465, 0.0028625158593058586]","[0.5219175815582275, 0.601159930229187, 0.5392458438873291, 0.5362958908081055, 0.514528751373291, 0.4004373848438263, 0.5659888982772827, 0.5988367795944214, 0.5857047438621521, 0.5603072047233582]","[0.0033294488675892353, 0.0038622531574219465, 0.003913186024874449, 0.005276466719806194, 0.003049217164516449, 0.006360576022416353, 0.002796027809381485, 0.005225357133895159, 0.005518895573914051, 0.005088644102215767]",0.06341756135225296,0.14242474734783173,0.26323336362838745,0.7974021434783936,1.6973570585250854,8.995139122009277,1.0639601945877075,2.2669591903686523,2.5992166996002197,3.0388786792755127,3.1316916942596436,6.26252555847168,0.18467479944229126,0.3815590441226959,0.435051828622818,0.8338689804077148,1.7233283519744873,8.240046501159668,0.18467479944229126,0.3815590441226959,0.435051828622818,0.8338689804077148,1.7233283519744873,8.240046501159668,0.06353711858391761,0.14298294186592103,0.24412262588739395,0.6736380457878113,1.4599758386611938,7.717249155044556,1.077232253551483,2.2899909257888793,2.515099811553955,2.772807741165161,2.8425237417221068,5.591214036941528,0.18395077288150788,0.38150172531604765,0.4334367156028748,0.7755962193012238,1.5044581890106201,6.956101751327514
29,46.414687395095825,7.827336311340332,1.993138313293457,"[0.38841676712036133, 7.773938417434692, 7.790989637374878, 7.8771562576293945, 7.913326740264893, 0.39847469329833984, 0.3959970474243164, 8.150306701660156, 8.03643250465393, 7.823754549026489]","[0.39421963691711426, 0.3941667079925537, 0.3935658931732178, 0.39321231842041016, 0.39400339126586914, 0.39229893684387207, 0.3930349349975586, 0.40088891983032227, 0.3995234966278076, 0.3944392204284668]",0.00328580429777503,20,105,5,"[1, 20, 20, 20, 20, 1, 1, 20, 20, 20]","[1, 1, 1, 1, 1, 1, 1, 1, 1, 1]",0.005770222749561071,0.025983678176999092,0.0032116053625941277,0.003229160327464342,"[0.0010661989217624068, 0.003571671899408102, 0.0009828308830037713, 0.002244606614112854, 0.0022957567125558853, 0.0003160282503813505, 0.0018944398034363985, 0.004163047298789024, 0.002984725870192051, 0.0024164384230971336]","[0.0009132442064583302, 0.04034813493490219, 0.036376211792230606, 0.039487726986408234, 0.02767890691757202, 0.0007751657976768911, 0.0011825055116787553, 0.021065298467874527, 0.03216329589486122, 0.018826106563210487]","[0.0008931217016652226, 0.0028496403247117996, 0.0011369928251951933, 0.0013275161618366838, 0.0018852046923711896, 0.000800576526671648, 0.0007720391731709242, 0.0021734675392508507, 0.002503779949620366, 0.002097990596666932]",0.0420411191880703,0.09503772109746933,0.20639097690582275,0.6738741993904114,1.4150166511535645,7.62148380279541,0.3449012041091919,0.7366321086883545,0.8889576196670532,1.425040364265442,1.688291311264038,5.219767093658447,0.21378947794437408,0.4706019163131714,0.6556204557418823,1.1836931705474854,1.515972375869751,5.645662784576416,0.21403063833713531,0.4710417687892914,0.6557669639587402,1.1835479736328125,1.5160646438598633,5.645326137542725,0.04210629649460316,0.09510822519659996,0.1992251381278038,0.6805822074413299,1.498549723625183,8.110957098007201,0.27585725039243697,0.5882695943117142,0.7503997266292572,1.3129396796226502,1.7468514800071717,6.2240824699401855,0.08812653198838234,0.19750046283006667,0.3242724180221558,0.7518635988235474,1.478190290927887,7.304644918441772
30,214.19276404380798,7.9250688552856445,7.61395788192749,"[7.8593361377716064, 7.720171928405762, 8.146769046783447, 8.070709705352783, 9.878946304321289, 8.122007131576538, 8.083559036254883, 7.726327180862427, 7.999697685241699, 7.652338981628418]","[7.630706071853638, 7.604648590087891, 7.60067892074585, 7.619988203048706, 7.6179420948028564, 7.626497507095337, 7.631367444992065, 7.593650579452515, 7.610152959823608, 7.596230745315552]",0.003154614707455039,20,500,20,"[20, 20, 20, 20, 20, 20, 20, 20, 20, 20]","[20, 20, 20, 20, 20, 20, 20, 20, 20, 20]",0.005273567978292704,0.01189876627177,0.00549880787730217,0.00545561732724309,"[0.004361147992312908, 0.0019723933655768633, 0.0019949316047132015, 0.001800253288820386, 0.0015689947176724672, 0.004423730541020632, 0.0007980347145348787, 0.0007256653625518084, 0.0038039188366383314, 0.0014472410548478365]","[0.013928789645433426, 0.010594317689538002, 0.018845902755856514, 0.010765685699880123, 0.010193012654781342, 0.01599574275314808, 0.008455694653093815, 0.011801296845078468, 0.006613928359001875, 0.008342462591826916]","[0.007934756577014923, 0.00927174836397171, 0.009655160829424858, 0.008081158623099327, 0.006475057452917099, 0.007500024978071451, 0.006263374350965023, 0.00932813435792923, 0.005194921046495438, 0.007583732716739178]",0.049405716359615326,0.10263433307409286,0.20589159429073334,0.7377354502677917,1.5694456100463867,8.481630325317383,0.41243404150009155,0.8805648684501648,1.1101155281066895,1.8226652145385742,1.8939498662948608,4.736217975616455,0.4319090247154236,0.9277912974357605,1.1620618104934692,1.9007548093795776,2.028315782546997,5.272928237915039,0.43177154660224915,0.9276055693626404,1.1613829135894775,1.8988301753997803,2.0279459953308105,5.271885871887207,0.04942576363682747,0.10254512876272201,0.18869297504425048,0.6646155774593353,1.4650913715362548,7.95253620147705,0.41332460939884186,0.883770364522934,1.1138144373893737,1.8090637803077698,1.8617243409156798,4.44082658290863,0.42781101167201996,0.916814649105072,1.1561080813407898,1.8749955415725708,1.966600513458252,4.923183488845825
31,222.28715634346008,7.626063346862793,8.121379137039185,"[7.6485676765441895, 7.608819246292114, 7.575863361358643, 7.653931379318237, 0.762458324432373, 7.651794910430908, 7.672145128250122, 0.7636673450469971, 7.680601119995117, 7.674868822097778]","[8.092713117599487, 8.019413948059082, 7.955254793167114, 8.088634014129639, 0.41690635681152344, 7.677513837814331, 7.631961107254028, 8.095930576324463, 7.762523889541626, 7.903505325317383]",0.0003840262652374804,20,500,20,"[20, 20, 20, 20, 2, 20, 20, 2, 20, 20]","[20, 20, 20, 20, 1, 20, 20, 20, 20, 20]",0.005186828784644604,0.001352126826532185,0.0010528650600463152,0.0009091427782550454,"[0.003267760155722499, 0.002541441936045885, 0.002348348731175065, 0.0010177355725318193, 0.001089112483896315, 0.0014847044367343187, 0.0024360548704862595, 0.001209394889883697, 0.002868268173187971, 0.0025923743378371]","[0.004092503804713488, 0.0014928318560123444, 0.003590208478271961, 0.0035732064861804247, 0.00018773663032334298, 0.004532828461378813, 0.0022679921239614487, 0.00021157153241802007, 0.003278524847701192, 0.0030830539762973785]","[0.0049049025401473045, 0.0012974468991160393, 0.0030246891546994448, 0.003115328261628747, 0.00033092693774960935, 0.009845598600804806, 0.001124141737818718, 0.004941625986248255, 0.0033660882618278265, 0.0021738363429903984]",0.06431631743907928,0.131988525390625,0.21741749346256256,0.6904147863388062,1.4721118211746216,7.82147741317749,0.23963052034378052,0.5253897309303284,0.8288562297821045,1.5730479955673218,1.3839489221572876,3.040466070175171,0.2606286108493805,0.5819445252418518,0.9958266019821167,2.012387275695801,1.7181059122085571,3.600384473800659,0.2571266293525696,0.573815107345581,0.9840723276138306,1.9870383739471436,1.6895993947982788,3.501101016998291,0.06418200805783272,0.13162081837654113,0.22616017013788223,0.7099174499511719,1.5094277620315553,8.035879611968994,0.21238334774971007,0.4668931856751442,0.756588950753212,1.5044497907161714,1.4146750330924989,3.6106639385223387,0.24099625796079635,0.5375469192862511,0.9284462541341781,1.8920328140258789,1.6806774497032166,3.9600512742996217
32,4.741030693054199,7.918753147125244,2.3150854110717773,"[7.7225501537323, 7.680288791656494, 7.684799671173096, 7.726534128189087, 7.716523885726929, 1.1672484874725342, 7.68340277671814, 2.70196533203125, 7.71013879776001, 7.7798638343811035]","[7.717185735702515, 7.696443796157837, 7.6752753257751465, 7.685819864273071, 7.639328241348267, 1.145585536956787, 7.655987977981567, 7.7343573570251465, 7.698369264602661, 7.681462526321411]",-1,20,11,6,"[20, 20, 20, 20, 20, 3, 20, 7, 20, 20]","[20, 20, 20, 20, 20, 3, 20, 20, 20, 20]",0.005253734532743692,0.0005973224760964513,0.0002496288507245481,0.00027500931173563004,"[0.0012888128403574228, 0.0019403609912842512, 0.0012027702759951353, 0.0014063501730561256, 0.002247822703793645, 0.0014528152532875538, 0.0038577797822654247, 0.0018860851414501667, 0.0012432850198820233, 0.0015478418208658695]","[0.0014956252416595817, 0.0015953691909089684, 0.0009031019872054458, 0.0008221805328503251, 0.002309814328327775, 0.00021324203407857567, 0.0023367879912257195, 0.0002485569566488266, 0.0010932667646557093, 0.00123468111269176]","[0.0014447116991505027, 0.0010108377318829298, 0.0010403008200228214, 0.0008485171711072326, 0.00252136611379683, 0.00022305274615064263, 0.002660064958035946, 0.0005288756219670177, 0.0011281054466962814, 0.0023536202497780323]",0.03975073993206024,0.08259527385234833,0.20317722856998444,0.7383707761764526,1.548542857170105,8.343643188476562,0.20938241481781006,0.45693284273147583,0.6867543458938599,1.383575201034546,1.3801206350326538,3.6628098487854004,0.17607180774211884,0.38219937682151794,0.5771300792694092,1.201040506362915,1.3105825185775757,4.024814128875732,0.13333618640899658,0.28815850615501404,0.4514501094818115,1.0035269260406494,1.2364757061004639,4.5101776123046875,0.03969337232410908,0.08226321861147881,0.1920525997877121,0.6980201661586761,1.4760653376579285,7.969211530685425,0.18275870233774186,0.39689902514219283,0.5890332013368607,1.192072594165802,1.2877508044242858,3.930666947364807,0.18625346943736076,0.40647697299718855,0.6141542822122574,1.2329041719436646,1.2961795449256897,3.798185396194458
33,9.023677349090576,7.733759880065918,0.3819606304168701,"[7.7121381759643555, 7.715792655944824, 7.690004348754883, 7.760717391967773, 7.761499404907227, 7.747959136962891, 7.724254131317139, 7.714759826660156, 7.65058970451355, 7.640270709991455]","[0.37763309478759766, 0.38318324089050293, 0.38689422607421875, 0.3799164295196533, 0.3830230236053467, 0.3859901428222656, 0.3803865909576416, 0.3876333236694336, 0.3818185329437256, 0.37897634506225586]",0.008891190402209759,20,21,1,"[20, 20, 20, 20, 20, 20, 20, 20, 20, 20]","[1, 1, 1, 1, 1, 1, 1, 1, 1, 1]",0.01442547794431448,0.2636253535747528,0.008806020021438599,0.008806020021438599,"[0.01068156398832798, 0.0018733744509518147, 0.0040875812992453575, 0.0024541977327317, 0.0015777958324179053, 0.00593782402575016, 0.00308550545014441, 0.0027875194791704416, 0.002274631056934595, 0.0020112229976803064]","[0.22048130631446838, 0.32643982768058777, 0.20609889924526215, 0.18785594403743744, 0.19918674230575562, 0.23484836518764496, 0.3067013621330261, 0.24025826156139374, 0.18707683682441711, 0.29608824849128723]","[0.008111930452287197, 0.00396758271381259, 0.002989021595567465, 0.0014398189960047603, 0.0027778928633779287, 0.00527808116748929, 0.005162866786122322, 0.0021394439972937107, 0.0038230372592806816, 0.0034033209085464478]",0.053324807435274124,0.12279850244522095,0.25167086720466614,0.8402417898178101,1.8091607093811035,9.804941177368164,0.6976209878921509,1.4124631881713867,1.2334680557250977,1.6414947509765625,2.2695202827453613,6.327879905700684,0.10519889742136002,0.21885089576244354,0.30977970361709595,0.8490952849388123,1.7335381507873535,8.84169864654541,0.10519889742136002,0.21885089576244354,0.30977970361709595,0.8490952849388123,1.7335381507873535,8.84169864654541,0.052811794355511664,0.12131625488400459,0.2173776164650917,0.6882388770580292,1.5013809680938721,8.052774333953858,0.6953144133090973,1.4011152267456055,1.1688029885292053,1.5702121376991272,1.8553898572921752,4.865256690979004,0.1021908737719059,0.21137471348047257,0.28130033016204836,0.7336438596248627,1.4040347337722778,7.012915086746216
34,215.799378156662,7.692861080169678,7.689314365386963,"[7.643099308013916, 7.645418882369995, 7.65277099609375, 0.3821887969970703, 7.6829609870910645, 0.38306689262390137, 7.645980596542358, 7.722091913223267, 7.741370439529419, 7.6517133712768555]","[0.3853144645690918, 7.691479206085205, 7.6776123046875, 0.38375139236450195, 7.647285461425781, 0.3853461742401123, 7.645756959915161, 0.38158273696899414, 0.38246750831604004, 0.7626810073852539]",0.006634504534304142,20,500,20,"[20, 20, 20, 1, 20, 1, 20, 20, 20, 20]","[1, 20, 20, 1, 20, 1, 20, 1, 1, 2]",0.032096900045871735,0.01828671246767044,0.007031101267784834,0.0068893637508153915,"[0.0009974456625059247, 0.007795007433742285, 0.005114240106195211, 0.0012031180085614324, 0.006530087441205978, 0.0017598152626305819, 0.011354942806065083, 0.009242797270417213, 0.0023154811933636665, 0.005416000261902809]","[0.004130898509174585, 0.01380113698542118, 0.00308778858743608, 0.000980784883722663, 0.007570471148937941, 0.0011668860679492354, 0.028424937278032303, 0.00583638995885849, 0.0035172621719539165, 0.005647045560181141]","[0.0021399788092821836, 0.0508979931473732, 0.011703509837388992, 0.001490249065682292, 0.01428896002471447, 0.001723211957141757, 0.04681035503745079, 0.004355074837803841, 0.003950916230678558, 0.004100193735212088]",0.08681344985961914,0.17635582387447357,0.3475814461708069,0.9411819577217102,1.6313138008117676,8.040413856506348,0.3792015612125397,0.7771544456481934,0.9063478708267212,1.4632620811462402,1.930264949798584,6.52081298828125,0.31790274381637573,0.6540018916130066,0.8057261109352112,1.4471276998519897,1.922287940979004,6.7782721519470215,0.31901824474334717,0.6556801199913025,0.8055585026741028,1.4439294338226318,1.922359824180603,6.768580913543701,0.08669241070747376,0.17554474771022796,0.31969526410102844,0.846796864271164,1.5393717527389525,7.664917612075806,0.33605134934186937,0.6913949310779571,0.8619011878967285,1.5044943928718566,1.8134038925170899,5.780857944488526,0.23146677911281585,0.4680700182914734,0.6122506052255631,1.2131576359272003,1.6704342722892762,6.572230863571167
